CustomerID,Price,Normal_Model,Incentive,Irrationality,NormaX_Model
1,63.31586504129518,0.016439226584673113,-0.26631730082590366,-0.49966111778672434,-0.7495391920279548
2,57.15278974398406,0.030889602764713295,-0.14305579487968118,-0.48650266603873055,-0.5986688581536984
3,34.54599707888732,0.012086638924124482,0.30908005842225367,0.49990602631209397,0.8210727236584721
4,49.91616150071478,0.03989282600328731,0.001676769985704425,0.012573123749980335,0.05414271973897206
5,56.213359738904806,0.03289111158097312,-0.12426719477809613,-0.4765238885493337,-0.5678999717464567
6,42.79914439281103,0.030783229514511273,0.1440171121437794,0.48688132963185254,0.6616816712901432
7,52.65511585692119,0.0385125226373561,-0.053102317138423845,-0.33104752403929183,-0.34563731854035956
8,51.08548525714969,0.039659886512053995,-0.021709705142993842,-0.15730136232895137,-0.1393511809598912
9,50.04291430934033,0.03989386068821364,-0.0008582861868066516,-0.006436790777835005,0.032598783723571986
10,48.25399789407059,0.03929074661309886,0.03492004211858827,0.24031400997677418,0.3145247987084613
11,54.330261899535984,0.036323895836101946,-0.08660523799071967,-0.4307428820891404,-0.4810242242437581
12,62.03037373812212,0.019347867204068343,-0.24060747476244246,-0.49926743396968515,-0.7205270415280592
13,40.349343294832366,0.025042034140575146,0.1930131341033527,0.49695253791537103,0.7150077061592989
14,60.28274077982704,0.023513103536722254,-0.20565481559654075,-0.4979123876083726,-0.6800540996681911
15,52.286301301246596,0.038865065367130594,-0.045726026024931914,-0.2976677131306576,-0.30452867378845894
16,54.45137612830348,0.036131241464232355,-0.08902752256606959,-0.4352830265022541,-0.48817930760409134
17,38.63397788168956,0.02091150234072246,0.2273204423662088,0.49890904827143223,0.7471409929783634
18,51.351368784486354,0.039531612363405376,-0.02702737568972708,-0.19228448449082064,-0.17978024781714236
19,64.84537001836583,0.013254095484895688,-0.29690740036731655,-0.4998646108602474,-0.7835179157426683
20,39.20195114214724,0.02227004177480147,0.21596097715705526,0.4984667471339767,0.7366977660658334
21,30.22271719342093,0.005643627749477364,0.3955456561315814,0.4999929773976716,0.9011822612787304
22,32.56627704101093,0.008728191347776035,0.34867445917978146,0.49997134728710946,0.8573739978146669
23,52.66070164000551,0.03850680529944053,-0.053214032800110264,-0.33151757370765395,-0.34622480120832366
24,73.84967330711098,0.0023214617884847705,-0.47699346614221955,-0.4999993899986058,-0.9746713943523406
25,61.23691253409423,0.021218864826213497,-0.2247382506818846,-0.49882128089555217,-0.7023406667512233
26,66.72622213307828,0.009849287510004094,-0.3345244426615656,-0.49995619563487553,-0.8246313507864371
27,50.991492158352436,0.03969861773318343,-0.019829843167048722,-0.14448756371215046,-0.12461878914601576
28,63.979963770935754,0.015014775019399174,-0.2795992754187151,-0.4997724648494513,-0.7643569652487672
29,47.287520120342194,0.03845327690030665,0.054249597593156125,0.33582521939565135,0.4285280938891141
30,56.132041848596394,0.03305662389430335,-0.12264083697192789,-0.4753789695746198,-0.5649631826522443
31,47.32682811326431,0.038494001082078545,0.05346343773471375,0.332563194951431,0.4245206337682233
32,44.50690985894521,0.03430741310377547,0.10986180282109587,0.46428630726945685,0.6084555231943282
33,51.327082957599515,0.03954447179820566,-0.026541659151990304,-0.18917170054394394,-0.17616888789772858
34,45.23857985072663,0.03561888745276195,0.0952284029854674,0.4456717971391624,0.5765190875773918
35,63.084730808634774,0.01694852401224445,-0.26169461617269546,-0.49961072628905934,-0.7443568184495104
36,51.950132792330926,0.03914280257430931,-0.03900265584661852,-0.2631594171277243,-0.2630192704000335
37,54.00209988252348,0.03682392005223709,-0.08004199765046963,-0.41692332898728496,-0.4601414065855175
38,46.62367662914469,0.037683934206585015,0.0675264674171062,0.38347879559536135,0.4886891972190526
39,62.564722637551554,0.0181173560749545,-0.25129445275103107,-0.4994682650775525,-0.732645361753629
40,42.68030497998792,0.030518772218440512,0.14639390040024153,0.48777312945689916,0.6646858020755813
41,56.60231551226313,0.03208147632887097,-0.13204631024526264,-0.481318975926753,-0.5812838098431446
42,46.49128108560129,0.03751257127065303,0.07017437828797427,0.3914105993837452,0.49909754894237246
43,40.60566640237449,0.02566078969553495,0.18788667195251024,0.49644769569933994,0.7099951573473852
44,45.10662783115348,0.03539272168454481,0.09786744337693037,0.4495987380689358,0.582858903130411
45,41.95408857730045,0.028862645034229764,0.16091822845399092,0.49205745171058557,0.6818383251988063
46,47.87302361289488,0.039001944740478856,0.04253952774210234,0.28179982127464687,0.36334129375722807
47,46.608597539365654,0.03766471066821514,0.06782804921268692,0.38440695023684546,0.4898997101177475
48,53.12169936313222,0.037996977542756036,-0.06243398726264445,-0.3668072859460906,-0.391244295665979
49,55.65152669656627,0.03400586068240023,-0.11303053393132544,-0.4674194290987466,-0.5464441023476718
50,48.5257974227298,0.03946306955473741,0.02948405154540396,0.2077583195958421,0.27670544069598346
51,49.740946631838135,0.03988084404727768,0.005181067363237304,0.03877996251779618,0.08384187392831116
52,52.89094203803935,0.03826149061701192,-0.05781884076078697,-0.3499954312907291,-0.3695527814345041
53,44.60120928667299,0.03448405167790631,0.1079758142665402,0.4622857859701849,0.6047456519146314
54,57.081600199266035,0.031046508235498538,-0.1416320039853207,-0.485921946851016,-0.5965074426008381
55,58.42224738382656,0.027981970660901197,-0.16844494767653118,-0.49365263823326283,-0.6341156152488928
56,52.035807973274785,0.03907602401113388,-0.040716159465495706,-0.2723247382681694,-0.2739648737225312
57,73.94703664884535,0.0022680690516996248,-0.4789407329769071,-0.4999994246127616,-0.976672088537969
58,59.17458937510429,0.02618969994956504,-0.1834917875020858,-0.49594908608846694,-0.6532511736409877
59,48.8772752880584,0.03964358319884966,0.02245449423883201,0.16231657941169716,0.22441465684937884
60,46.3781955285776,0.03736163271537314,0.07243608942844802,0.3978061505766326,0.5076038727204537
61,47.67817744055909,0.03883326997517572,0.046436451188818215,0.3010856492890918,0.38635537045308577
62,44.982711004051325,0.0351760589747441,0.1003457799189735,0.4530405682746591,0.5885624071683767
63,61.287851531098774,0.021097481893981147,-0.22575703062197547,-0.4988567210253903,-0.7035162697533847
64,43.021899695282855,0.03127322291482346,0.1395620060943429,0.48503348381633227,0.6558687128254986
65,49.18877816183054,0.03976317562447482,0.01622443676338918,0.1193365334679663,0.17532414585583028
66,44.70703919000512,0.03467969933230537,0.10585921619989762,0.4599124583079699,0.6004513738401729
67,60.461828568082645,0.023080367579710062,-0.20923657136165288,-0.49812467673184496,-0.6842808805137878
68,35.814439707766056,0.01458627544751801,0.2837112058446789,0.4997988656227901,0.798096346914987
69,46.37500816844359,0.03735731804161498,0.07249983663112815,0.39798148182144744,0.5078386364941906
70,48.780943088381115,0.039598892631347984,0.024381138232377707,0.17511990733173272,0.2390999381954584
71,53.19356421091224,0.03791085152158129,-0.06387128421824485,-0.3717072101115724,-0.39766764280823597
72,54.60902901671719,0.03587411161394146,-0.09218058033434375,-0.4407781845264678,-0.49708465324687007
73,47.84210107669478,0.038976114662882685,0.04315797846610437,0.2849482936831731,0.36708238681216016
74,59.890724574994394,0.02446147643627454,-0.1978144914998879,-0.49736026822405943,-0.6707132832876728
75,53.14753778811733,0.037966214879699235,-0.06295075576234666,-0.3685869948866417,-0.3935715357692891
76,74.67651056434603,0.0018994811779030581,-0.49353021128692065,-0.4999996285704807,-0.9916303586794983
77,34.91678512836784,0.012790654645705758,0.30166429743264317,0.49988261439997594,0.8143375664783249
78,56.20600663008614,0.032906133248365,-0.12412013260172274,-0.4764225336897833,-0.5676365330431411
79,39.54867462485562,0.023105730082758555,0.20902650750288757,0.4981128436588855,0.7302450812445316
80,42.01991182327756,0.0290152808259241,0.1596017635344488,0.49174013530575644,0.6803571796661294
81,69.85084591425732,0.005561963732617313,-0.3970169182851464,-0.4999932806173013,-0.8914482351698304
82,67.44814148339302,0.008706269920923477,-0.34896282966786035,-0.4999715940888778,-0.8402281538358147
83,31.43814519388852,0.007124356338142286,0.3712370961222296,0.49998543847010196,0.8783468909304739
84,47.77226300897,0.03891647147658681,0.044554739820599994,0.2919372092413341,0.3754084205385209
85,49.34152152288799,0.03980783225511828,0.013169569542240253,0.09750670959387595,0.15048411139123447
86,28.68287891518396,0.004112920647881544,0.4263424216963208,0.49999721224916244,0.9304525545933648
87,49.51169488661247,0.0398466941065499,0.009766102267750654,0.07272628002139686,0.12233907639569741
88,53.9334121708174,0.03692441540205708,-0.07866824341634797,-0.4137295343317389,-0.4554733623460298
89,52.17265145118039,0.03896366640074372,-0.043453029023607856,-0.286438700400517,-0.29092806302338114
90,30.056062302589424,0.005459888664285698,0.39887875394821154,0.4999936456374985,0.9043322882499958
91,61.0770823478265,0.02160063875148243,-0.22154164695652995,-0.49870280034623604,-0.6986438085512836
92,52.4454397664799,0.03871901312177165,-0.04890879532959801,-0.3126411499405427,-0.32283093214836905
93,49.380879705075955,0.03981784199165424,0.012382405898480898,0.09181466033235493,0.14401490822249008
94,42.461070392523006,0.030025720208851962,0.1507785921495399,0.4892639905731844,0.6700683029315763
95,57.119590165198396,0.030962872709187746,-0.14239180330396792,-0.4862348448959802,-0.5976637754907603
96,59.18269151479416,0.026170230793253247,-0.18365383029588317,-0.49596865174715643,-0.6534522512497863
97,45.17906861164521,0.03551747239450273,0.09641862776709587,0.4474773652519576,0.5794134654135562
98,50.895876125895164,0.039734454490930826,-0.01791752251790328,-0.13123663930961332,-0.10941970733658578
99,58.26998622662265,0.02833983159226778,-0.16539972453245297,-0.4930496713355568,-0.630109564275742
100,30.454878799984947,0.005907205276790038,0.39090242400030106,0.49999192777008483,0.8968015570471759
101,51.174756610266385,0.039619894850489626,-0.023495132205327708,-0.16926307898449222,-0.1531383163393303
102,30.925431118756,0.006469092026675268,0.38149137762488006,0.49998929449041263,0.887949764141968
103,40.770907351510544,0.026058679456372535,0.1845818529697891,0.49607890525109577,0.7067194376772574
104,54.69751434083043,0.035726704982582826,-0.09395028681660861,-0.443667837996657,-0.5018914198306828
105,48.55633236973036,0.0394806536791153,0.02887335260539274,0.20395450281371802,0.27230850909822607
106,45.998616480142715,0.03682497569807831,0.0800276703971457,0.4168905817905585,0.5337432278857825
107,47.04016147060788,0.0381844525777575,0.05919677058784245,0.35519024638019064,0.4525714695457906
108,58.48208609021656,0.02784080445142828,-0.16964172180433124,-0.4938751154562113,-0.6356760328091142
109,57.06830454751635,0.03107572621583617,-0.14136609095032696,-0.48581079147553047,-0.5961011562100212
110,42.127310737528134,0.029263338056324868,0.15745378524943732,0.491195192120299,0.6779123154260611
111,52.92940724831967,0.03821868448407739,-0.058588144966393405,-0.35291438600728525,-0.3732838464896013
112,45.291927485144825,0.03570897003672968,0.0941614502971035,0.4440036492752346,0.5738740696090678
113,74.0432560593735,0.002216303777280817,-0.4808651211874701,-0.4999994568901192,-0.9786482743003084
114,42.60643261491328,0.030353367273108087,0.14787134770173438,0.4882970276472287,0.6665217426220712
115,46.8717124266291,0.03798915548695143,0.06256575146741795,0.3672629994548275,0.46781790640919685
116,46.51118081782507,0.03753869833040667,0.06977638364349857,0.3902494371305898,0.49756451910449506
117,45.60973763779986,0.03622899027787229,0.08780524724400281,0.43302780177920774,0.5570620393010828
118,51.41104168064432,0.03949904362785172,-0.02822083361288634,-0.1998586820679921,-0.18858047205302672
119,52.730493200953106,0.03843443056586618,-0.054609864019062114,-0.33730292965705116,-0.3534783631102471
120,33.81429252184205,0.010765494007761035,0.323714149563159,0.49993941632389655,0.8344190598948167
121,44.268866384404106,0.033852139077046726,0.11462267231191789,0.4688917600709063,0.617366571459871
122,36.79552454108544,0.01668384343346277,0.26408950917829116,0.499637703506114,0.7804110561178679
123,62.362053261868155,0.018580819677592994,-0.2472410652373631,-0.4993995508422883,-0.7280597964020584
124,74.65325082061476,0.0019104097974094348,-0.49306501641229517,-0.4999996233505297,-0.9911542299654155
125,63.83232229535518,0.015326233260771748,-0.2766464459071037,-0.49975139419140346,-0.7610716068377354
126,53.46233115351183,0.037573272794408745,-0.06924662307023667,-0.3886869656221245,-0.4203603158979524
127,60.225161072341365,0.023652340119345704,-0.2045032214468273,-0.4978391634011267,-0.6786900447286084
128,51.66810267019733,0.03934302958111227,-0.03336205340394656,-0.23122794615992734,-0.2252469699827616
129,66.56716624478292,0.010113555633111058,-0.3313433248956585,-0.49995180946563034,-0.8211815787281778
130,56.678896088334426,0.03191874286857825,-0.13357792176668853,-0.4821429354995921,-0.5838021143977024
131,47.70053356225277,0.03885333527883438,0.045989328754944554,0.2989395798665986,0.3837822439003775
132,38.70448805566208,0.021079240684394745,0.22591023888675835,0.4988619577948846,0.7458514373660377
133,43.60037395771502,0.032507004376054215,0.12799252084569956,0.4789540306776167,0.6394535558993705
134,53.13830521559006,0.037977233229991116,-0.06276610431180117,-0.3679533992389503,-0.39274227032076037
135,37.74164019261946,0.01881952184238538,0.24516719614761087,0.49936103128070514,0.7633477492707014
136,47.782068636005064,0.038924954745291715,0.04435862727989871,0.2909661245460467,0.37424970657123713
137,63.399263099575535,0.016257110701981083,-0.2679852619915107,-0.49967765245405693,-0.7514058037435865
138,50.2930971094317,0.039877095968846164,-0.005861942188633975,-0.04385161123864162,-0.009836457458429426
139,69.85385746089389,0.00555863943507839,-0.39707714921787785,-0.49999329274769777,-0.8915118025304972
140,64.47165600668222,0.014000422600430449,-0.2894331201336445,-0.49983058564392263,-0.7752632831771367
141,47.123705863494195,0.038277655284010656,0.05752588273011611,0.34887138837406123,0.444674926388188
142,36.40689426894001,0.015837317712331257,0.27186211462119986,0.4997130350412989,0.78741246737483
143,49.519586747705794,0.03984821727370661,0.00960826504588411,0.07156714841741672,0.12102363073700745
144,45.192126598679764,0.03553980797225859,0.09615746802640474,0.4470861048771769,0.5787833808758402
145,53.77753085965342,0.03714699783074335,-0.07555061719306835,-0.40606589554595646,-0.44446951490828146
146,66.14407974145465,0.01083818015232931,-0.32288159482909295,-0.49993788418692897,-0.8119812988636926
147,38.76895964775617,0.021232867094896708,0.2246208070448766,0.4988171255001886,0.744670799639962
148,46.112720531451885,0.03699108525095861,0.0777455893709623,0.4115224746060483,0.5262591492279692
149,53.32349949531517,0.037750676962157136,-0.06646998990630337,-0.38017619081156934,-0.4088955037557156
150,61.34973173081906,0.02095022950028347,-0.22699463461638117,-0.4988983445778063,-0.704942749693904
151,55.10714411397863,0.035016418369818766,-0.10214288227957255,-0.45539532222329576,-0.5225217861330496
152,54.14297641194009,0.03661325689364648,-0.0828595282388018,-0.423139328076284,-0.4693855994214393
153,63.44549423365941,0.01615654251378177,-0.2689098846731882,-0.49968646831080754,-0.7524398104702139
154,54.935153172482885,0.035320126900337034,-0.0987030634496577,-0.4507851122746202,-0.5141680488239408
155,47.62995815476519,0.038789366936490086,0.04740083690469618,0.3056556930247418,0.3918458968659281
156,50.57285150156018,0.039828823493969094,-0.0114570300312036,-0.08509166256916974,-0.056719869106404246
157,42.92928552932836,0.031070432303208665,0.1414142894134328,0.4858310030963023,0.6583157248129438
158,55.46664837534534,0.034357159691961,-0.10933296750690687,-0.4637359000691059,-0.5387117078840518
159,59.4250040894014,0.025586839630197578,-0.18850008178802796,-0.49651224252819215,-0.6594254846860226
160,20.20403228938866,0.0004710614123664153,0.5959193542122269,0.49999998278665087,1.0963903984112442
161,62.18148850351047,0.01899713810897162,-0.24362977007020944,-0.4993308902335117,-0.7239635221947496
162,49.434792769174095,0.03983055601160131,0.0113041446165181,0.08397779861774458,0.135112499245864
163,54.60888452398866,0.03587435052223595,-0.09217769047977313,-0.44077335412983004,-0.4970766940873672
164,56.62374011724633,0.03203605499361796,-0.13247480234492656,-0.4815531777119284,-0.581991925063237
165,27.048966710373765,0.0028647526388695175,0.4590206657925247,0.49999895408767975,0.961884372519074
166,38.04070688536483,0.01951353239335463,0.23918586229270347,0.4992355398207846,0.7579349345068427
167,46.66898837862165,0.03774124244896076,0.06662023242756704,0.3806507414583207,0.4850122163348485
168,42.08609229032556,0.029168284642009667,0.1582781541934888,0.4914084259718391,0.6788548648073376
169,52.741727807601066,0.03842261797374798,-0.05483455615202132,-0.3382191153358432,-0.35463105351411656
170,44.850900775287485,0.03494116121343304,0.1029819844942503,0.4564558612781747,0.5943790069858581
171,32.88928802845736,0.009228987371363585,0.34221423943085283,0.49996521978835273,0.8514084465905691
172,56.122973124985506,0.03307499812583579,-0.12245946249971013,-0.47524796068165975,-0.5646324250555341
173,61.001293740133285,0.02178211745640695,-0.2200258748026657,-0.4986425327525023,-0.696886290098761
174,55.64352526386118,0.03402123082492189,-0.11287050527722357,-0.4672677704000607,-0.5461170448523623
175,42.8720056317294,0.03094434084824394,0.14255988736541197,0.4863031329600016,0.6598073611736575
176,47.39140521445825,0.03855970498879834,0.05217189571083495,0.3270920855436141,0.4178236862432474
177,55.48428066295825,0.03432400559097007,-0.10968561325916497,-0.46410383020978274,-0.5394654378779776
178,56.031990502305916,0.03325839131653382,-0.12063981004611833,-0.47389544931362254,-0.5612768680432071
179,60.06861138624822,0.024031055584154512,-0.20137222772496444,-0.4976268635178541,-0.674968035658664
180,47.05573992610057,0.03820201702307034,0.05888520147798858,0.35402885852236377,0.4511160770234227
181,35.79119484845766,0.014538218399450463,0.2841761030308469,0.4998016508030763,0.7985159722333737
182,43.21053225379959,0.03168195549104389,0.13578935492400818,0.4832700067594643,0.6507413171745163
183,55.33884809310875,0.03459520739855271,-0.10677696186217503,-0.4609586056090211,-0.5331403600726434
184,57.43974403785924,0.030249591977510093,-0.14879488075718483,-0.4886131781555218,-0.6071584669351966
185,72.25049638823194,0.003356197729816349,-0.44500992776463877,-0.4999984076496494,-0.9416521376844719
186,51.171814201944834,0.03962126266568484,-0.023436284038896672,-0.16887218100906518,-0.152687202382277
187,52.4461452026499,0.03871834508885474,-0.04892290405299804,-0.31270558533978604,-0.32291014430392934
188,48.227011773544326,0.03927209502939764,0.03545976452911347,0.2434147128045841,0.3181465723630952
189,45.94270472350908,0.036742107033037125,0.08114590552981837,0.41941145064414315,0.5372994632069986
190,57.81775190375615,0.02938973396907179,-0.15635503807512294,-0.49090281234388894,-0.6178681164499401
191,53.5347761380385,0.03747816291346152,-0.07069552276077005,-0.3929147325442747,-0.4261320923915833
192,47.927205142785624,0.03904634446229896,0.04145589714428752,0.2762033858799583,0.3567056274865448
193,39.20302616041151,0.022272626924812557,0.21593947679176978,0.4984657593678603,0.7366778630844426
194,48.7693017148986,0.03959324652579969,0.02461396570202794,0.17665003203832091,0.24085724426614855
195,46.09017814693596,0.03695859079367849,0.07819643706128077,0.4126072361479078,0.5277622640028671
196,62.551737317095714,0.018146924628473258,-0.2510347463419143,-0.49946410827646076,-0.7323519299899018
197,59.47126078175188,0.02547525907429427,-0.1894252156350376,-0.4966073869728542,-0.6605573435335976
198,39.77689307722605,0.02365730808193154,0.20446213845547903,0.4978365043157177,0.7259559508531283
199,61.67168368404117,0.02018804611355976,-0.2334336736808234,-0.49909168465058706,-0.7123373122178507
200,44.28023186712234,0.03387417468342049,0.11439536265755322,0.4686855646409232,0.6169551019818968
201,51.33137496871058,0.03954221582454925,-0.02662749937421154,-0.1897230771279587,-0.17680836067762098
202,62.02743873969905,0.019354699139851963,-0.240548774793981,-0.499266143732589,-0.720460219386718
203,39.752470329547165,0.023598244674102285,0.2049505934090567,0.49786790916754625,0.7264167472507053
204,51.603991629425586,0.03938431761713986,-0.03207983258851172,-0.22360106322044215,-0.21629657819181403
205,38.695247128606596,0.021057240450216418,0.2260950574278681,0.4988682431517108,0.7460205410297953
206,30.58700318977572,0.006061209859972131,0.38825993620448557,0.4999912618042398,0.8943124078686975
207,59.86597816897998,0.0245213465665404,-0.19731956337959958,-0.497320887267842,-0.6701191040809011
208,50.282273672991195,0.03987833765907869,-0.0056454734598239045,-0.042240130372302634,-0.008007266173047853
209,41.776324021693355,0.028448271977580146,0.1644735195661329,0.4928552395383675,0.6857770310820805
210,34.134482391521516,0.01133231532737763,0.3173103521695697,0.4999265851247399,0.8285692526216872
211,45.985271806282796,0.0368052846850381,0.08029456387434408,0.41749868516294636,0.5345985337223286
212,63.421792842550246,0.01620806628656733,-0.26843585685100496,-0.49968197920266777,-0.7519097697671053
213,54.024690934884475,0.03679054810371131,-0.08049381869768951,-0.41795003431181227,-0.4616533049057905
214,46.272385835631326,0.03721664531820103,0.07455228328737348,0.4034856476758095,0.515254576281384
215,43.27976563531654,0.03183046669195466,0.13440468729366928,0.48257277234856555,0.6488079263341895
216,51.05812082795755,0.0396715201765599,-0.02116241655915104,-0.15359346358098258,-0.1350843599635737
217,34.52694609082471,0.012051084626720623,0.3094610781835058,0.4999070942719257,0.8214192570821521
218,63.4480651062823,0.016150958169174213,-0.268961302125646,-0.49968695141673264,-0.7524972953732044
219,55.03189181636489,0.03515025864409797,-0.10063783632729781,-0.4534311383548018,-0.5189187160380017
220,61.94350602463246,0.019550384856288284,-0.23887012049264925,-0.4992282698709665,-0.7185480055073274
221,44.36494328803857,0.034037482097928236,0.11270113423922866,0.4671065150536706,0.6138451313908275
222,58.54828756312668,0.027684302379982758,-0.17096575126253355,-0.49411222852684344,-0.6373936774093942
223,56.879047256615245,0.03148858807915325,-0.1375809451323049,-0.48413157558065656,-0.5902239326338082
224,34.669312817098174,0.01231824880170595,0.3066137436580365,0.4998988102918666,0.8188308027516091
225,51.48960700976888,0.03945406199190864,-0.029792140195377643,-0.20966636127844188,-0.20000443948191088
226,53.151111682216666,0.03796194188863504,-0.06302223364433332,-0.36883156383329757,-0.39389185558899587
227,44.25082335947554,0.03381709664696236,0.11498353281048922,0.4692164046239559,0.6180170340814075
228,46.39828865570548,0.03738875645755771,0.07203422688589044,0.39669470378682664,0.5061176871302748
229,54.36185296532739,0.036274058587364,-0.08723705930654774,-0.4319547780444587,-0.48291777876364245
230,49.62082117986966,0.03986555906831947,0.0075835764026068375,0.05663275955488814,0.10408189502581444
231,39.952836474739044,0.024082951373306412,0.20094327050521912,0.49759620083565403,0.7226224227141795
232,55.914530866303224,0.033492558369847,-0.11829061732606448,-0.4720426220715507,-0.5568406810277682
233,52.278173638452074,0.03887227521648846,-0.045563472769041484,-0.29687951726653006,-0.3035707148190831
234,52.491786578863355,0.038674739120650295,-0.049835731577267096,-0.3168383240146971,-0.32799931647131386
235,50.95763236737718,0.03971171983306577,-0.019152647347543593,-0.1398191796245352,-0.11926010713901301
236,54.490217306938234,0.036068553641849785,-0.08980434613876469,-0.43667940159764046,-0.49041519409455536
237,47.13997992340346,0.038295526147396085,0.057200401531930824,0.34761444923243123,0.44311037691175814
238,41.3724170060299,0.027496417162761504,0.17255165987940202,0.4943842569527369,0.6944323339949005
239,42.581751612295925,0.030297936475429083,0.1483649677540815,0.4884670714290157,0.6671299756585263
240,61.055751361580654,0.021651688928020413,-0.22111502723161308,-0.49868611327329837,-0.698149451576891
241,29.822813473255835,0.005210299668764933,0.4035437305348833,0.49999447549794584,0.908748505701594
242,55.40540713101264,0.034471728403416585,-0.10810814262025276,-0.4624295950932312,-0.5360660093100674
243,35.577011173853805,0.014099207912499998,0.2884597765229239,0.49982556663370137,0.8023845510691253
244,33.91149637161883,0.01093569170056634,0.32177007256762336,0.4999357781075166,0.8326415423757063
245,39.934314382039915,0.02403813476833777,0.2013137123592017,0.4976227038230471,0.7229745509505865
246,47.424663751985335,0.03859295970725349,0.0515067249602933,0.3242196345190237,0.4143193191865705
247,57.3050744713953,0.03055141761407101,-0.14610148942790602,-0.4876667281562025,-0.6032167999700375
248,33.015985088380866,0.0094304879542775,0.3396802982323827,0.49996247287206047,0.8490732590587207
249,66.74075545591212,0.009825363815234557,-0.33481510911824247,-0.49995657593157444,-0.8249463212345823
250,61.63723700168369,0.020269255438860857,-0.23274474003367374,-0.4990727338246949,-0.7115482184195078
251,48.67426407348494,0.03954517835142779,0.026514718530301167,0.1889985422740762,0.25505843915580517
252,47.09754191387536,0.03824872927204714,0.05804916172249278,0.35087430216282056,0.44717219315736045
253,40.464675823835265,0.025320633508873317,0.19070648352329472,0.49673490019174465,0.7127620172239126
254,55.880405938088614,0.03356003024431496,-0.1176081187617723,-0.47148078897709766,-0.555528877494555
255,50.68801470742233,0.03979991718842037,-0.013760294148446662,-0.10176119063930594,-0.07572156759933224
256,64.12064304423645,0.014720908834510521,-0.2824128608847289,-0.4997908784654419,-0.7674828305156602
257,43.13784385120886,0.031525152451500595,0.13724312297582286,0.483972527387971,0.6527408028152945
258,55.47943926840666,0.03433311633846378,-0.10958878536813316,-0.4640031650405435,-0.5392588340702129
259,49.63617462197785,0.03986783299926778,0.00727650756044298,0.05435811820905955,0.10150245876877032
260,41.52983746955147,0.027868956143919054,0.16940325060897066,0.49383141135070047,0.6911036181035901
261,69.02304041632003,0.006532902420705424,-0.3804608083264006,-0.49998895834138474,-0.8739168642470799
262,52.79605392180011,0.038364864935707454,-0.05592107843600218,-0.3425907610414259,-0.3601469745417206
263,56.20254501513469,0.032913201196338886,-0.12405090030269378,-0.4763746712611175,-0.5675123703674724
264,39.31432291532117,0.022540488455694594,0.2137135416935766,0.49835998126895314,0.7346140114182244
265,42.77379266493882,0.03072698597716354,0.14452414670122365,0.4870768089138463,0.6623279415922335
266,50.84139555391751,0.039753262785771355,-0.016827911078350157,-0.1235954470376667,-0.1006700953302455
267,44.15544843374632,0.03363064610503497,0.11689103132507356,0.4708786792817395,0.621400356711848
268,56.02022270753714,0.03328198453187916,-0.12040445415074275,-0.47371534310647506,-0.5608378127253386
269,54.38365239169691,0.036239497360212015,-0.08767304783393826,-0.4327795537379602,-0.4842131042116864
270,42.176568056886616,0.029376681575250207,0.1564686388622677,0.4909334823892932,0.6767788028268111
271,51.929359841691266,0.03915857805288806,-0.03858719683382532,-0.2608992424916557,-0.26032786127259294
272,50.040249119879384,0.039893904899870235,-0.0008049823975876791,-0.006037074584446679,0.03305184791783587
273,48.359247093226,0.03936083562536724,0.03281505813547995,0.22799064605186672,0.3001665398127139
274,38.5118773559214,0.020621760296641478,0.22976245288157202,0.4989860361898793,0.7493702493680927
275,41.644914960297484,0.02814006671984665,0.16710170079405032,0.4933933567787802,0.6886351242926771
276,52.104507283793865,0.03902049021331941,-0.042090145675877294,-0.2794912987507887,-0.2825609542133466
277,60.139846307496896,0.023858707310129422,-0.2027969261499379,-0.4977259307776788,-0.6766641496174872
278,40.298021770237575,0.024917982832820262,0.1940395645952485,0.49704467496275845,0.7160022223908272
279,62.17181559143887,0.019019526820737945,-0.24343631182877745,-0.49932699821983945,-0.723743783227879
280,51.826473785690496,0.039234310048975374,-0.03652947571380992,-0.24948814799707317,-0.2467833136619077
281,37.30180408197117,0.017814464771728915,0.2539639183605766,0.4995091679292253,0.7712875510615308
282,53.23389929721665,0.03786174098213584,-0.06467798594433305,-0.37438944497830084,-0.40120568994049804
283,58.85774857604898,0.026948647312276183,-0.17715497152097953,-0.4951050738560028,-0.645311398064706
284,52.64394691630712,0.03852392112617995,-0.05287893832614245,-0.33010451346326547,-0.344459530663228
285,73.1912731762748,0.0027102906907553238,-0.46382546352549614,-0.4999990944875508,-0.9611142673222917
286,53.08667673187794,0.03803830911662049,-0.061733534637558735,-0.364362462960913,-0.38805768848185124
287,58.92564031515496,0.026786455758048174,-0.17851280630309915,-0.4952995438749976,-0.6470258944200485
288,50.11022696775798,0.03989180454251177,-0.002204539355159625,-0.016528021146850345,0.0211592440405018
289,59.80074128001983,0.024679156095570528,-0.19601482560039657,-0.4972142396197381,-0.6685499091245641
290,26.044279866082015,0.0022633567911121213,0.4791144026783597,0.4999994276027839,0.9813771870722556
291,41.424774849603125,0.02762052679858467,0.17150450300793751,0.4942060781163156,0.6933311079228378
292,46.357219137503215,0.03733317683589595,0.07285561724993571,0.3989551364400214,0.509143930525853
293,55.03926901210353,0.03513720328857345,-0.10078538024207064,-0.4536272737768695,-0.5192754507303667
294,51.88331214581669,0.0391929674764254,-0.037666242916333775,-0.2558365530384802,-0.25430982847838857
295,60.85227073656096,0.022139708303100768,-0.21704541473121922,-0.49851575312669094,-0.6934214595548094
296,53.56939067005643,0.037432110441110646,-0.07138781340112857,-0.39488445183496224,-0.42884015479498017
297,52.07329567390122,0.039045939079139856,-0.04146591347802442,-0.2762555801753487,-0.27867555457423326
298,48.54935462674923,0.03947666716894628,0.029012907465015447,0.20482626485905178,0.2733158394930135
299,51.63904252678432,0.03936193965255556,-0.032780850535686454,-0.22778738457293454,-0.22120629545606543
300,58.29512484397242,0.028280886050872724,-0.16590249687944833,-0.4931530052755044,-0.6307746161040799
301,57.55299957952175,0.02999385836514666,-0.15105999159043507,-0.48935328141221784,-0.6104194146375063
302,58.79485690557662,0.027098655465497664,-0.17589713811153246,-0.49491779120885276,-0.6437162738548876
303,47.60043701171095,0.03876206802082005,0.04799125976578097,0.30841404389448057,0.3951673716810816
304,43.04943354592664,0.03133324838937949,0.1390113290814672,0.4847879711313072,0.655132548602154
305,45.28599917036312,0.03569899844657741,0.09428001659273762,0.4441913777276495,0.5741703927669646
306,53.49476408667366,0.037530906718075116,-0.06989528173347324,-0.3905974617926983,-0.4229618368080964
307,66.11457293993348,0.010889884682658413,-0.3222914587986696,-0.49993677476137505,-0.8113383488773862
308,52.3933926643124,0.03876780020890289,-0.04786785328624802,-0.30783999034573256,-0.3169400434230777
309,54.8500262814728,0.03546753879878952,-0.097000525629456,-0.4483393370859846,-0.509872323916651
310,33.41395293426705,0.010081951715294725,0.33172094131465896,0.49995235228525947,0.8417552453152132
311,76.79910307979316,0.0010999580287301609,-0.5359820615958631,-0.4999998960610315,-1.0348819996281644
312,38.964778687387735,0.02170084295602626,0.2207044262522453,0.4986698503478353,0.7410751195561068
313,68.17782608714339,0.007645099440157398,-0.36355652174286773,-0.49998166527925336,-0.8558930875819637
314,44.43952658358697,0.034179885566330656,0.11120946832826065,0.4656528067014799,0.6110421605960712
315,59.57711239687686,0.02521972038576023,-0.19154224793753727,-0.4968154905762155,-0.6631380181279926
316,58.152206814284185,0.028615235136374314,-0.1630441362856837,-0.4925445314924284,-0.6269734326417378
317,50.64319399754012,0.03981179241309918,-0.012863879950802471,-0.09529927007792015,-0.06835135761562344
318,48.33594628486264,0.0393456837025165,0.03328107430274713,0.23075022452185134,0.303376982527115
319,40.59290225007163,0.0256300172239784,0.18814195499856737,0.4964747015404411,0.7102466737629869
320,49.46405498276902,0.039836973659770174,0.010718900344619585,0.07970609703410714,0.1302619710384969
321,61.01136203144325,0.02175799299059568,-0.22022724062886498,-0.49865069742693624,-0.6971199450652055
322,53.721225454055755,0.03722550178945011,-0.0744245090811151,-0.4031508755463918,-0.44034988283805676
323,41.165390129062544,0.02700386475743326,0.17669219741874911,0.4950369822058948,0.6987330443820772
324,61.58051571697563,0.020403162868948423,-0.23161031433951265,-0.49904066404520064,-0.7102478155157649
325,37.96346508405744,0.01933352796281702,0.24073069831885122,0.4992701350792172,0.7593343613608854
326,52.09839141871743,0.039025505519511776,-0.04196782837434867,-0.2788599180516019,-0.2818022409064388
327,41.0881307787132,0.02681937536527102,0.178237384425736,0.4952607295525949,0.7003174893436019
328,42.17312253008668,0.02936876216657245,0.15653754939826642,0.4909520369720302,0.6768583485368691
329,60.797306777957075,0.0222718262867573,-0.21594613555914152,-0.4984660653517137,-0.6921403746240979
330,45.37159114403731,0.03584201505265581,0.09256817711925379,0.4414227177238956,0.5698329098958052
331,34.849243206499715,0.012660722640616916,0.3030151358700057,0.4998872758423856,0.8155631343530083
332,44.612814682226734,0.034505641228614416,0.10774370635546532,0.4620322621205298,0.6042816097046095
333,57.56621857728179,0.029963900336958144,-0.15132437154563577,-0.48943650229909647,-0.6107969735077741
334,42.70600777528749,0.03057614225256182,0.14587984449425023,0.48758546816966647,0.6640414549164786
335,62.14782650080173,0.019075088358370414,-0.24295653001603457,-0.4993172480118564,-0.7231986896695206
336,60.08282966705224,0.023996653480414926,-0.20165659334104477,-0.49764697512532313,-0.675306914985953
337,50.73283008926729,0.03978724776700946,-0.014656601785345771,-0.1081870806028456,-0.08305643462118191
338,61.73732413422803,0.020033537889750173,-0.23474648268456066,-0.4991267320595237,-0.7138396768543341
339,68.62951667320957,0.007035277921969352,-0.3725903334641913,-0.4999860177793115,-0.8655410733215334
340,30.16363502351031,0.005577969243972218,0.3967272995297938,0.4999932219815581,0.9022984907553241
341,61.56688930108264,0.020435365692699242,-0.23133778602165278,-0.4990327961252963,-0.7099352164542498
342,56.092822662823636,0.03313596381971947,-0.12185645325647272,-0.474807497869834,-0.5635279873065873
343,46.76798767526995,0.037864050807593995,0.064640246494601,0.3742650416672008,0.4767693389693958
344,56.64145606928328,0.031998433842570013,-0.13282912138566558,-0.4817446604903778,-0.5825753480334733
345,53.96725993091633,0.036875076748982154,-0.07934519861832655,-0.4153170293240218,-0.4577871511933662
346,44.23883139125455,0.033793765543211486,0.11522337217490901,0.4694303565495019,0.6184474942676224
347,64.88218392078015,0.013181767984252753,-0.297643678415603,-0.4998675682041057,-0.784329478635456
348,51.402468668050744,0.03950380755105506,-0.028049373361014887,-0.19877708228184102,-0.18732264809180085
349,61.88316753984644,0.019691425730324997,-0.2376633507969288,-0.49919984172209414,-0.7171717667886979
350,47.54254612451621,0.03870761129676035,0.04914907750967586,0.3137362058977576,0.4015928947041938
351,33.64413381990839,0.010471527007935659,0.3271173236018322,0.49994529603766075,0.8375341466474286
352,52.447980885459856,0.03871660588763499,-0.04895961770919712,-0.312873178915017,-0.3231161907365791
353,47.64917770190986,0.03880696828186525,0.04701644596180273,0.3038437507687733,0.38966716501244125
354,37.39172194345859,0.01801830661129049,0.25216556113082816,0.49948197393281185,0.7696658416749305
355,33.08032071223191,0.00953390046552279,0.3383935857553618,0.4999609960087533,0.847888482229638
356,56.16450922404873,0.03299070261781392,-0.12329018448097458,-0.47584248172738736,-0.566141963590548
357,62.69691281673293,0.01781736738503604,-0.25393825633465866,-0.49950879009705984,-0.7356296790466825
358,63.97337976617336,0.015028598346068548,-0.2794675953234672,-0.4997715644219182,-0.7642105613993169
359,55.34224962267124,0.034588923391925326,-0.1068449924534248,-0.4610351030605974,-0.5332911721220969
360,50.04102038558738,0.03989389239704607,-0.000820407711747606,-0.006152747249570919,0.03292073743572754
361,51.89419842289393,0.03918490963761808,-0.03788396845787858,-0.25703995995353585,-0.25573901877379634
362,50.447746854169495,0.03985425865114453,-0.008954937083389894,-0.06676098850057717,-0.035861666932822535
363,57.94685274336776,0.02909217710877362,-0.15893705486735513,-0.49157517154132974,-0.6214200492999112
364,45.06859258559055,0.03532665426532906,0.09862814828818899,0.45067984100077146,0.5846346435542895
365,37.38410261000267,0.018001000109808696,0.2523179477999466,0.4994843355173948,0.7698032834271501
366,47.80739735997001,0.03894670297458335,0.043852052800599776,0.28844232197253317,0.3712410777477163
367,51.97272223845526,0.039125463194720655,-0.039454444769105236,-0.2656004595230482,-0.26592944109743283
368,47.44719545955715,0.038615262415057854,0.051056090808856994,0.32225238346464097,0.4119237366885558
369,50.25807591506508,0.039880944840180337,-0.005161518301301555,-0.038634223229374036,-0.003914796690495256
370,72.00966437641787,0.0035399231680540984,-0.44019328752835746,-0.49999816010207926,-0.9366515244623826
371,58.84367603492544,0.026982233306624796,-0.17687352069850876,-0.49506377332704965,-0.6449550607189336
372,36.131774653888584,0.015250210123227366,0.2773645069222283,0.4997566910556509,0.7923714081011066
373,56.53662314329918,0.03222022761728692,-0.1307324628659836,-0.48058253473833595,-0.5790947699870327
374,28.233913653469983,0.0037337723578076206,0.43532172693060034,0.49999787056513995,0.9390533698535479
375,56.189489243944266,0.03293983670132373,-0.12378978487888531,-0.47619329953403855,-0.5670432477116001
376,54.77234303111199,0.0356003462078535,-0.09544686062223974,-0.44600752398374316,-0.5058540383981294
377,50.26096528136702,0.03988064579400829,-0.005219305627340418,-0.039065011607396095,-0.004403671440728223
378,40.302943271952,0.024929880568460353,0.19394113456095993,0.4970359611878118,0.7159069763172321
379,40.16271875966483,0.024590769323661235,0.19674562480670346,0.49727448527801116,0.7186108794083759
380,54.125327156615775,0.03663998139538269,-0.08250654313231551,-0.42238459154069535,-0.4682511532776282
381,43.856951536624635,0.03303430049738177,0.12286096926750731,0.47553706589893535,0.6314323356638244
382,58.37081775372803,0.02810306663920115,-0.16741635507456068,-0.49345502135987196,-0.6327683097952315
383,43.76380991722184,0.03284440198655342,0.12472380165556317,0.47683587830657337,0.63440408194869
384,46.36813798572831,0.03734800678643815,0.0726372402854338,0.39835849230713555,0.5083437393790075
385,57.594713311328746,0.02989924715679216,-0.15189426622657493,-0.48961370978382185,-0.6116087288536046
386,49.66073000322918,0.039871274693645015,0.0067853999354163365,0.050715493459740496,0.09737216808880185
387,48.33599307281539,0.039345714335729004,0.033280138543692175,0.2307447010465858,0.303370553926007
388,52.69572423418876,0.03847070363370846,-0.05391448468377519,-0.33444101763963163,-0.34988479868969835
389,53.75305551056121,0.03718124711854882,-0.07506111021122422,-0.40480855506591445,-0.44268841815858984
390,49.16084755818794,0.039754012073769315,0.01678304883624122,0.12327948695738519,0.17981654786739573
391,52.261263492494486,0.03888719775380592,-0.04522526984988971,-0.29523229807041657,-0.30157037016650035
392,48.84119269409059,0.0396272685456564,0.023176146118188256,0.16714143137135265,0.22994484603519733
393,54.116024120628424,0.03665402994925372,-0.08232048241256848,-0.4219840385836257,-0.46765049104694045
394,52.87810434294728,0.0382756617113916,-0.057562086858945635,-0.3490106730606799,-0.3682970982082339
395,55.0427147711346,0.035131100471181495,-0.10085429542269196,-0.45371861570541977,-0.5194418106569303
396,58.042673576917394,0.02887016362939786,-0.1608534715383479,-0.49204212957462523,-0.6240254374835752
397,39.69391787107505,0.023456672794307385,0.206121642578499,0.4979413606797757,0.727519676052582
398,36.42302439961183,0.0158720598371278,0.27153951200776333,0.4997102450977877,0.7871218169426788
399,47.334981349700286,0.03850237896760877,0.053300373005994287,0.33188013994890625,0.4236828919225093
400,48.28707202414959,0.03931322756594175,0.03425855951700825,0.2364807708488479,0.31005255793179787
401,54.62385550723805,0.03584956575081684,-0.09247711014476095,-0.44127187656936134,-0.4978994209633055
402,37.801444661995816,0.01895765658047265,0.24397110676008368,0.49933770250828213,0.7622664658488385
403,51.9257283919022,0.03916131916301087,-0.038514567838043946,-0.26050261192761387,-0.2598558606026469
404,54.35450388511247,0.03628567852227419,-0.08709007770224943,-0.4316746194247141,-0.48247901860468934
405,33.650558638774086,0.01048253447280424,0.3269888272245183,0.4999450847644556,0.8374164464617782
406,54.349372745933664,0.03629378216461862,-0.08698745491867328,-0.4314783789515194,-0.4821720517055741
407,63.97819385826871,0.0150184903969032,-0.27956387716537423,-0.4997722231457664,-0.7643176099142375
408,51.2466677507838,0.039585415318332054,-0.024933355015676,-0.17874289494438328,-0.16409083464172722
409,41.08548597966358,0.026813053817942162,0.1782902804067284,0.4952682086814226,0.7003715429060932
410,44.23106658512551,0.0337786413172704,0.11537866829748979,0.46956812167668605,0.6187254312914463
411,49.250511318680125,0.03978233566933782,0.014989773626397494,0.11056628911527526,0.16533839841101058
412,44.7822355181401,0.03481701910044286,0.10435528963719805,0.4581398195570283,0.5973121282946692
413,17.955986556703692,0.00023507225712132558,0.6408802688659262,0.49999999553237134,1.1411153366554188
414,64.62710992668504,0.013687320984685848,-0.2925421985337007,-0.4998456704485473,-0.7787005479975622
415,45.33097378464915,0.03577440250320102,0.09338052430701695,0.44275227951060225,0.5719072063208201
416,48.209802991336275,0.03926005642788739,0.0358039401732745,0.24537929538583775,0.3204432919869996
417,59.247476345119225,0.026014460565666704,-0.1849495269023845,-0.4961217513094886,-0.6550568176462064
418,52.35244764995574,0.03880548501696291,-0.047048952999114844,-0.3039974754959645,-0.31224094347811643
419,45.11391744451295,0.03540533939340819,0.097721651109741,0.44938899315192554,0.5825159836550747
420,49.07018458409912,0.03972214613228671,0.018596308318017663,0.1359640128307945,0.19428246728109888
421,55.3540138222826,0.034567168100249394,-0.10708027644565206,-0.46129856241511963,-0.5338116707605223
422,55.50844701108554,0.03427844429523457,-0.11016894022171086,-0.46460227134878673,-0.5404927672752631
423,48.0847794650075,0.039169222742415064,0.038304410699849994,0.25935239615082434,0.3368260295930894
424,57.94697627725096,0.029091891508430064,-0.15893952554501922,-0.4915757907089414,-0.6214234247455306
425,57.85096499059196,0.02931336033917341,-0.15701929981183924,-0.4910807044076806,-0.6187866438803464
426,45.12275583052826,0.03542061868602972,0.09754488338943475,0.4491335768703919,0.5820990789458564
427,39.94135135165182,0.024055161517296548,0.20117297296696365,0.49761266924000175,0.722840803724262
428,53.275753655719,0.037810197550801304,-0.06551507311438001,-0.37712179450357775,-0.40482667006715645
429,55.7904845018086,0.03373659316879674,-0.11580969003617199,-0.4699473427960084,-0.5520204396633837
430,45.40074452104196,0.03589025815124809,0.09198510957916085,0.44045062158643195,0.5683259893168409
431,45.64184086130965,0.03627990103358214,0.08716318277380694,0.43181409685812466,0.5552571806655138
432,55.362685517475754,0.03455110985963359,-0.10725371034951507,-0.4614916696507596,-0.534194270140641
433,51.570149834507724,0.03940547634879452,-0.031402996690154485,-0.21952161425388134,-0.2115191345952413
434,63.58789138983295,0.015848544883855637,-0.27175782779665897,-0.4997121360943225,-0.7556214190071259
435,55.15345245131191,0.03493332665145796,-0.10306904902623813,-0.45656451370817625,-0.5247002360829565
436,73.84124623033885,0.0023261313985411575,-0.47682492460677706,-0.4999993869064799,-0.9744981801147158
437,55.29190267809821,0.03468164148135133,-0.10583805356196421,-0.45988802068712226,-0.5310444327677352
438,41.03856163530399,0.02670083304114006,0.17922876729392015,0.49539896807017153,0.7013285684052317
439,48.02189882612839,0.03912130609567554,0.03956202347743215,0.2661791336060823,0.34486246317919
440,49.04524168152641,0.03971281118655483,0.01909516636947174,0.13942168811313468,0.19822966566916125
441,33.1955408099352,0.009720940853647051,0.33608918380129593,0.49995820430903054,0.8457683289639735
442,56.76708195494313,0.03173006524531523,-0.1353416390988626,-0.48304761745693314,-0.5866591913104805
443,50.60727823545399,0.03982073348602207,-0.012145564709079792,-0.09009713483693785,-0.06242196605999557
444,49.76958811626752,0.039883639595288456,0.0046082376746495865,0.03450684138868797,0.07899871865862601
445,44.46681572403536,0.03423166221774855,0.11066368551929287,0.46510557972845284,0.6100009274654943
446,38.93876763717124,0.021638569467626753,0.22122464725657523,0.4986904213759829,0.7415536381001848
447,47.82865105610126,0.03896476871641037,0.04342697887797485,0.28630741511617863,0.36869916271056385
448,41.24577623196072,0.027195444669188492,0.17508447536078564,0.4947930179207737,0.6970729379507479
449,50.1078142899863,0.039891909470720646,-0.002156285799726021,-0.016166506345249475,0.02156911732574515
450,40.937531792761554,0.026458831659637486,0.18124936414476892,0.49566841571030734,0.7033766115147138
451,35.84246789250613,0.014644327745932965,0.28315064214987745,0.4997954552602566,0.797590425156067
452,50.94708311255331,0.039715709736740344,-0.018941662251066162,-0.13835924322204238,-0.11758519573636819
453,51.938006105395,0.03915203162544645,-0.03876012210789995,-0.26184178174505174,-0.26144987222750526
454,55.43235085645158,0.034421434754014726,-0.10864701712903156,-0.46300979780174945,-0.5372353801767663
455,50.563357793775694,0.039830971687438425,-0.01126715587551388,-0.08370818360165543,-0.05514436778973088
456,64.65655005086236,0.013628447769162824,-0.2931310010172473,-0.4998483721917459,-0.7793509254398303
457,43.64030788417163,0.03258992637579583,0.12719384231656747,0.4784546678386047,0.638238436530968
458,61.09505228458761,0.021557649673173106,-0.2219010456917522,-0.49871669372138805,-0.6990600897399671
459,40.07367515840358,0.02437534153502175,0.19852649683192838,0.497415911225648,0.7203177495925981
460,43.17658526471207,0.031608836245762564,0.13646829470575866,0.48360178828253025,0.6516789192340515
461,45.907307993893916,0.03668914788948838,0.08185384012212168,0.42097111129536136,0.5395140993069714
462,47.525247269323785,0.038691101855859465,0.049495054613524304,0.31530427388232585,0.4034904303517096
463,65.27851119398377,0.012417007820542917,-0.30557022387967553,-0.49989559271749184,-0.7930488087766245
464,43.50561629092884,0.03230902341734423,0.12988767418142316,0.48009405723829995,0.6422907548370673
465,37.30984473900423,0.01783265719190612,0.25380310521991545,0.49950679541133336,0.771142557823155
466,57.5487607072654,0.030003460100827748,-0.15097521414530804,-0.489326458287386,-0.6102982123318663
467,49.7609155739928,0.03988282762717373,0.004781688520144058,0.03580129142859431,0.0804658075759121
468,34.42457527969005,0.01186107910893584,0.31150849440619893,0.4999126285691979,0.8232822020843327
469,53.46351576613855,0.037571731486638636,-0.06927031532277099,-0.38875725706487535,-0.4204558409010077
470,59.423644974568106,0.025590117191674682,-0.18847289949136212,-0.49650940714231256,-0.6593921894420001
471,46.1452318329395,0.037037668586743594,0.07709536334120998,0.4099365869083622,0.5240696188363158
472,65.60208780967234,0.011811881512037579,-0.3120417561934468,-0.49991401508416966,-0.8001438897655788
473,65.4516175991686,0.012091094871637434,-0.309032351983372,-0.4999058917339704,-0.796847148845705
474,43.08312345875435,0.03140652730760165,0.13833753082491299,0.48448216729505067,0.6542262254275653
475,58.645184721269494,0.027454650163157287,-0.1729036944253899,-0.49444292509649157,-0.6398919693587242
476,29.022081267262546,0.004418791670484794,0.4195583746547491,0.4999965830241642,0.9239737493493981
477,51.7029469480859,0.03931992985178583,-0.03405893896171804,-0.2353168741982297,-0.2300558833081619
478,42.421703476490805,0.029936508684632983,0.1515659304701839,0.48951197683898107,0.671014415993798
479,59.678104161511925,0.024975695000069638,-0.1935620832302385,-0.49700216475165016,-0.6655885529818191
480,41.25474955307601,0.02721680533969069,0.1749050089384798,0.49476505511750857,0.6968868693956791
481,60.278403900668295,0.02352358933239822,-0.2055680780133659,-0.4979069596856421,-0.6799514483666098
482,41.97110371561979,0.028902143879734075,0.1605779256876042,0.49197660417468236,0.6814566737420207
483,45.71696592320315,0.0363978515033854,0.08566068153593705,0.42889383727872454,0.550952370318047
484,42.44584166189583,0.029991233185265868,0.15108316676208347,0.4893606022981042,0.6704350022454535
485,52.20496898946745,0.038936114434228564,-0.04409937978934906,-0.2896773050827975,-0.294840570437918
486,36.2688581534491,0.015541445688071708,0.27462283693101797,0.49973583834283775,0.7899001209619274
487,56.467583372877115,0.03236519054497904,-0.1293516674575423,-0.47977790349040683,-0.5767643804029701
488,43.26498185980334,0.031798823938605746,0.13470036280393316,0.4827240141191426,0.6492232008616815
489,72.41866502543307,0.003232477739486936,-0.4483733005086614,-0.4999985604794552,-0.9451393832486297
490,47.53512879402855,0.03870054576818139,0.049297424119428966,0.3144098093248446,0.40240777921245496
491,42.36395661176652,0.02980528896017852,0.15272086776466964,0.4898655240995742,0.6723916808244224
492,54.80788743093192,0.035539783999708315,-0.0961577486186384,-0.44708652672369004,-0.5077044913426201
493,41.68200797200291,0.028227218173015718,0.16635984055994185,0.4932456764554106,0.6878327351883682
494,55.93189231289449,0.033458133826092834,-0.11863784625788981,-0.47232432068843183,-0.5575040331202288
495,45.512208607482656,0.0360724816997177,0.08975582785034689,0.43659301651382565,0.5624213260638902
496,54.876959381770845,0.03542111066009221,-0.09753918763541691,-0.4491253266728588,-0.5112434036481835
497,50.56314729454103,0.03983101891275109,-0.011262945890820646,-0.08367749338049116,-0.055109420358560715
498,55.45784465287417,0.034373685371212624,-0.10915689305748344,-0.4635508383221595,-0.5383340460084303
499,43.168775989237616,0.0315919880384177,0.13662448021524767,0.4836771922199282,0.6518936604735937
500,43.409826916647496,0.03210718209672792,0.13180346166705006,0.48118494921728905,0.645095592981067
